iter	Passed	Remaining
0	370	740685
1	553	553096
2	714	475797
3	939	468985
4	1141	45533155	1292	42969266	1467	41781677	1720	42850488	1902	42086399	2124	422677110	2299	415879111	2499	414006112	2713	414759
13	2889	409833
14	3052	403903
15	3216	398818116	3381	394397117	3537	389549118	3723	388183
19	3888	384938220	4044	381145221	4189	376699222	4418	379759223	4707	387615224	4891	386391225	5064	384513226	5213	380965227	5423	381942228	5579	379196229	5761	378337330	6002	381252331	6199	381241332	6405	381801333	6623	383003334	6834	383735335	7063	385329336	7285	386544337	7445	384401338	7618	383081339	7765	380490440	7974	381035441	8144	379698442	8295	377557443	8478	376902444	8643	375529445	8804	37399246	8967	372631
447	9163	372641448	9392	373982449	9556	37272150	9724	371623
51	9922	371726
52	10132	372219
53	10373	373828
54	10568	373745
55	10790	374575
56	11017	375572
57	11238	376282
58	11403	375155
59	11617	375647
60	11798	375035
61	11994	374929
62	12165	374049
663	12299	372047664	12501	372162665	12717	372675666	12895	372040667	13071	37137268	13278	371601
669	13456	371024770	13624	370173771	13806	369707772	14006	369720773	14275	371554774	14444	370733775	14624	370226776	14810	369867777	14972	368933778	15163	368726779	15338	368118880	15541	368196881	15735	368059882	15959	368612
83	16134	368014884	16331	367932885	16548	368310886	16700	367228887	16890	366989888	17064	366413889	17239	365870990	17419	365431991	17579	364575992	17797	364951993	17997	364918994	18186	36469095	18367	364290
96	18586	364650
97	18824	365358
98	19037	365556
99	19233	365431
100	19403	364825
101	19579	364333
102	19735	363476
103	19951	363723
104	20152	363699
105	20353	363666
106	20587	364217
107	20785	364136
108	20932	363143
1109	21060	3618651110	21238	361429111	21451	361616
112	21634	361270
113	21771	360186
114	21948	359761
115	22147	359701
116	22321	359243
117	22530	359344
118	22690	358668
119	22888	358585
120	23048	357916
121	23216	357388
122	23383	356829
1123	23546	3562421124	23709	3556441125	23872	3550571126	24011	3541281127	24180	3536401128	24342	353067129	24500	352425
1130	24731	3528521131	24926	3527451132	25114	3525471133	25263	3518071134	25442	3514791135	25601	3508901136	25753	3502091137	25915	349667138	26083	349219
139	26264	348938
140	26440	348605
141	26637	348539
142	26789	347891
143	26946	347313
144	27127	347038
145	27267	346262
146	27462	346172
1147	27608	3454791148	27788	345212149	27936	344544
150	28085	343909
151	28277	343798
1152	28433	3432421153	28593	3427551154	28754	342272155	28909	341724
1156	29077	3413351157	29296	3415491158	29502	3415991159	29704	3416001160	29880	341309
161	30061	341069
162	30219	340573
163	30438	340759
164	30601	340330
165	30768	339935
166	30938	339577
167	31089	339018
168	31274	338838
169	31480	338881
170	31639	338413
171	31821	338197
172	32006	338012
173	32192	337833
174	32386	337745
175	32537	337203
176	32688	336671
177	32892	336683
178	33057	336304
179	33249	336191
180	33432	335989
181	33590	335534
182	33769	335292
183	33925	334827
184	34095	334502
185	34279	334320
186	34408	333597
187	34555	3330571188	34679	3323031189	34841	3319071190	34977	3312801191	35130	3308161192	35286	3303801193	35486	3303501194	35651	3300031195	35866	330122
196	36023	3296981197	36183	329309
198	36352	328999
199	36515	3286382200	36732	328760
201	36911	328544
202	37081	328252
203	37223	327708
204	37400	327485
205	37632	327727
206	37797	327398
207	37969	327123
208	38145	326880
209	38315	326591
210	38499	326420
211	38689	326309
212	38863	326054
213	39021	325666
214	39172	325223
215	39361	325097
216	39538	324875
217	39714	324640
218	39872	324257
219	40028	323866
220	40187	323496
221	40410	323649
222	40565	323248
223	40711	322783
224	40871	322432
225	41042	322163
226	41243	322138
227	41413	321860
228	41576	321533
229	41743	321244
230	41888	320785
231	42018	320211
232	42217	320163
233	42447	320355
234	42585	319846
235	42752	319557
236	42912	319221
237	43070	318867
238	43194	318269
239	43331	317761
240	43483	317377
241	43650	317099
242	43844	3170132243	44000	316660
244	44167	316383
245	44442	316878
246	44607	316586
247	44770	316284
248	44930	315960
249	45102	315720
250	45252	315323
251	45382	314795
252	45564	314626
253	45726	314322
254	45870	313897
255	46027	313563
256	46185	313235
257	46340	312887
258	46549	312905
259	46710	312598
260	46898	312475
261	47037	312028
262	47183	311626
263	47344	311326
264	47512	311075
265	47669	310745
266	47823	310406
267	47981	310087
268	48155	309878
269	48303	309501
270	48441	309057
271	48603	308775
272	48770	308521
273	48934	308250
274	49093	307950
275	49219	307442
276	49438	307516
277	49618	307349
278	49774	307029
279	49915	306624
280	50091	306431
281	50258	306185
282	50451	306096
283	50609	305797
284	50765	305483
285	50935	305258
286	51096	304976
287	51309	305004
288	51458	304657
289	51591	304214
290	51747	303903
291	51918	303686
292	52097	303516
293	52236	303116
294	52447	303126
295	52569	302632
296	52765	302558
297	52924	302274
298	53113	302158
299	53309	302085
300	53447	301682
301	53625	301510
302	53784	301226
303	53950	300985
304	54106	300688
305	54311	300667
306	54467	300367
307	54634	300136
308	54795	299866
309	54958	299611
310	55108	299287
311	55278	299072
312	55467	298956
313	55632	298717
314	55773	298342
315	55959	298214
316	56163	298182
317	56334	297971
318	56498	297723
319	56677	297555
320	56933	297794
321	57085	297482
322	57269	297342
323	57442	297140
324	57603	296878
325	57762	296606
326	57910	2962843327	58077	2960543328	58243	295818
329	58415	2956173330	58602	2954893331	58769	2952653332	58952	295117
333	59112	2948553334	59291	294690
335	59465	294496
336	59678	294495
337	59838	294235
338	59979	2938843339	60154	2936963340	60352	2936203341	60524	293421
342	60679	2931343343	60841	2928883344	61013	2926893345	61217	2926413346	61369	2923453347	61552	2921963348	61741	292079
349	61891	2917753350	62054	2915333351	62240	2913983352	62394	2911153353	62587	291015
354	62758	290810
355	62992	290899
356	63163	290693
357	63350	290561
358	63520	290355
359	63660	290009
360	63821	289761
361	63993	289563
362	64173	289401
363	64354	289243
364	64515	288993
365	64680	2887663366	64815	2884023367	64970	2881303368	65118	2878273369	65271	2875483370	65432	2873023371	65594	2870623372	65766	2868693373	65927	2866263374	66078	286339375	66211	285976
376	66368	285720
377	66531	285487
378	66723	285378
379	66876	285105
380	67034	284853
381	67219	284715
382	67417	284631
383	67593	284457
3384	67774	2842993385	67975	2842293386	68115	283901387	68285	283702
388	68456	283506
389	68628	283313
390	68773	283011
3391	68929	2827523392	69099	2825533393	69237	2822203394	69421	2820803395	69585	2818553396	69758	2816713397	69950	2815583398	70145	2814593399	70313	2812524400	70467	2809924401	70712	2810924402	70902	2809704403	71053	2806964404	71225	2805064405	71391	2802924406	71565	2801074407	71696	279756408	71898	279684
409	72082	279540
410	72231	279258
411	72458	279281
412	72644	279145
413	72784	278830
414	72950	278616
415	73133	278468
416	73297	278247
417	73451	277991
418	73625	277807
419	73807	277655
420	73982	277476
421	74135	277216
422	74280	276928
423	74456	276752
424	74608	276489
425	74784	276317
426	74986	276237
427	75148	276011
428	75306	275773
429	75495	275647
430	75699	275575
431	75906	275513
432	76097	275393
433	76259	275167
434	76424	274953
435	76611	274816
436	76759	274541
437	76924	274327
438	77134	274275
439	77266	273944
440	77431	273730
441	77576	273447
442	77758	273295
443	77935	273124
444	78097	272902
445	78281	272754
446	78432	272495
447	78594	272273
448	78749	272026
449	78918	271828
450	79104	271691
451	79298	271580
452	79532	271603
453	79676	271319
454	79881	271247
455	80060	271080
456	80218	270847
457	80401	270697
458	80546	270418
459	80732	270277
460	80914	270123
461	81049	269813
462	81218	269616
463	81350	269298
464	81512	269078
465	81632	268720
466	81779	268454
467	81947	268255
468	82131	268107
469	82330	268010
470	82489	267783
471	82660	267595
472	82837	267426
473	83002	267219
474	83176	267039
475	83341	266833
476	83536	266722
477	83709	266539
478	83860	266289
479	84066	266209
480	84200	265904
481	84348	265644
482	84543	265533
483	84677	265231
484	84809	264921
485	84959	264667
486	85140	264511
487	85301	264296
4488	85500	2641944489	85645	2639284490	85780	2636324491	85961	2634764492	86108	2632144493	86269	2629984494	86415	262737495	86553	262453
496	86694	262176
4497	86859	2619724498	87015	2617454499	87160	261480500	87307	261224
5501	87476	261036502	87596	260698
5503	87748	2604595504	87904	2602335505	88047	259967506	88180	259672
507	88335	259442
508	88521	259304
509	88690	259115
510	88860	258931
511	89014	258699
512	89152	258419
513	89281	258116
514	89470	257986
515	89618	257740
516	89766	257491
517	89948	257343
518	90077	257041
519	90222	256786
520	90401	256630
521	90545	256372
522	90680	256089
523	90850	255908
524	90990	255639
525	91158	255451
526	91299	255189
527	91446	254940
528	91585	254673
529	91755	254492
530	91895	254226
531	92016	253910
532	92179	253708
533	92341	253507
534	92500	253295
535	92622	252984
536	92760	252715
537	92928	252530
538	93064	252259
539	93193	251967
540	93326	251687
541	93456	251401
542	93619	251203
543	93751	250922
544	93882	250640
545	93987	250287
546	94136	250054
547	94243	249711
548	94360	249394
549	94479	249081
550	94599	248775
551	94719	248466
552	94841	248165
553	95007	247980
554	95120	247655
555	95219	247296
556	95335	246983
557	95464	246701
558	95609	246464
559	95733	246172
560	95847	245854
561	95960	245536
562	96085	245247
563	96199	244934
564	96321	244639
565	96443	244346
566	96560	244039
567	96674	243729
568	96794	243431
569	96905	243112
570	97045	242867
571	97172	242592
572	97278	242261
573	97385	241937
574	97516	241670
575	97632	241368
576	97757	241089
577	97863	240764
578	97973	240448
579	98093	240160
580	98216	239877
581	98329	239571
582	98448	239282
583	98563	238982
584	98666	238655
585	98787	238371
586	98902	238073
587	99026	237797
588	99138	237494
589	99260	237214
590	99390	236955
591	99499	236647
592	99609	236341
593	99738	236082
594	99855	235793
595	99974	235510
596	100078	235193
597	100181	234872
598	100294	234578
599	100410	234290
600	100521	233993
601	100638	233709
602	100762	233440
603	100881	233162
604	100986	232853
605	101111	232589
606	101209	232265
607	101321	231973
608	101436	231688
609	101541	231381
610	101651	231087
611	101752	230771
612	101858	2304696613	101970	230180
614	102080	229888
615	102183	229581
616	102304	229315
617	102416	229027
618	102520	2287246619	102629	2284346620	102719	2281006621	102830	2278146622	102926	2274946623	103033	2272016624	103150	2269306625	103288	2267056626	103447	2265296627	103549	2262266628	103656	2259346629	103757	2256316630	103879	2253746631	103984	2250806632	104084	2247776633	104191	2244896634	104303	2242126635	104422	2239496636	104536	2236776637	104638	2233816638	104752	2231116639	104873	2228566640	104993	2226006641	105119	2223556642	105262	2221486643	105375	2218776644	105478	2215856645	105589	2213136646	105718	2210766647	105830	2208066648	105939	2205316649	106076	2203136650	106210	2200896651	106361	2199006652	106497	2196826653	106639	2194746654	106782	2192706655	106935	2190866656	107071	2188696657	107180	2185966658	107308	2183626659	107448	2181526660	107561	2178906661	107698	2176756662	107833	2174566663	107966	2172336664	108115	217043665	108255	216836
6666	108402	216642667	108544	216438
6668	108679	2162226669	108796	2159696670	108935	2157616671	109060	2155246672	109218	2153546673	109422	2152726674	109593	2151276675	109760	2149756676	109962	2148906677	110124	2147256678	110285	2145606679	110441	2143866680	110617	214250
681	110785	214098
682	110944	213929
683	111116	213785
684	111274	213615
685	111446	213470
686	111622	213334
687	111792	213184
688	111962	213036
689	112115	212857
690	112324	212783
691	112534	212709
692	112698	212550
693	112847	212360
694	112985	212153
695	113149	211993
696	113314	211835
697	113489	211695
698	113658	211544
699	113841	211419
700	114009	211266
701	114165	211092
702	114346	210964
703	114524	210829
704	114698	210687
705	114887	210572
706	115061	210431
707	115230	210280
708	115391	210113
709	115548	209940
710	115736	209823
711	115909	209678
712	116082	209535
713	116253	209387
714	116406	209206
715	116591	209083
716	116723	208865
717	116898	208723
718	117043	208528
719	117197	208350
720	117368	208202
721	117510	208004
722	117672	207839
723	117834	207674
724	117972	207468
725	118121	207282
726	118253	207066
727	118384	206847
728	118531	206657
729	118687	206483
730	118850	206321
731	119014	206162
732	119162	205974
733	119320	205803
734	119470	205619
735	119625	205443
736	119792	205289
737	119955	205127
738	120142	205005
739	120335	204894
740	120521	204773
741	120707	204648
742	120887	204516
743	121062	204374
744	121217	204198
745	121363	204007
746	121519	203833
747	121667	203647
748	121816	203460
749	121981	203302
750	122121	203102
751	122269	202915
752	122397	202694
753	122538	202497
754	122710	202350
755	122855	202159
756	123008	201980
757	123159	201800
758	123314	201624
759	123465	201443
760	123626	201278
761	123789	2011167762	123937	2009307763	124111	2007877764	124271	2006217765	124450	2004857766	124630	2003517767	124802	200204
768	124966	200044
769	125138	199896
770	125306	199742
771	125488	199610
772	125642	199434
773	125799	199263
774	125958	199096
775	126104	198907
776	126276	198758
777	126437	198594
778	126609	198446
779	126794	198320
780	126965	198170
781	127165	198065
782	127349	197936
783	127517	197782
784	127702	197654
785	127879	197512
786	128052	197366
787	128215	197203
788	128377	197040
789	128515	196839
790	128689	196695
791	128852	196532
792	129008	196360
793	129187	196222
794	129380	196104
795	129535	195930
796	129670	195725
797	129846	195583
798	129995	195400
799	130147	195221
800	130338	195100
801	130506	194946
802	130677	194796
803	130827	194613
804	131041	194527
805	131209	194372
806	131377	194217
807	131545	194061
808	131709	193901
809	131883	193754
810	132041	193584
811	132216	193440
812	132364	193255
813	132522	193084
814	132668	192898
815	132806	192699
816	132957	192519
817	133107	192338
818	133264	192167
819	133433	192013
820	133618	191882
821	133753	191680
822	133900	191495
823	134067	191339
824	134223	1911678825	134384	1910018826	134566	190866
827	134732	190707
828	134908	190564
829	135086	190423
830	135262	190278
831	135480	190194
832	135693	190101
833	135849	189929
834	136006	189757
835	136189	189622
836	136361	189472
837	136551	189346
838	136707	189174
839	136871	189013
840	137025	188837
841	137172	188653
842	137347	188506
843	137507	188339
844	137679	188189
845	137832	188012
846	137978	1878268847	138146	187670
848	138296	187490
849	138454	187320
850	138590	187122
851	138771	186982
852	138937	186823
853	139079	186633
854	139250	186481
855	139377	186271
856	139513	1860718857	139633	1858528858	139809	1857068859	139933	1854928860	140088	1853208861	140256	1851648862	140390	1849638863	140535	1847788864	140679	1845908865	140835	1844198866	140994	1842528867	141158	1840928868	141322	1839308869	141470	1837498870	141613	1835618871	141748	1833628872	141907	1831968873	142058	1830178874	142213	1828468875	142417	1827378876	142577	1825708877	142718	1823808878	142889	1822298879	143055	1820708880	143278	1819848881	143420	1817968882	143576	1816248883	143754	1814828884	143903	1813028885	144050	1811208886	144200	1809418887	144357	1807718888	144510	1805978889	144667	1804288890	144823	1802578891	144986	1800948892	145124	1799028893	145309	1797678894	145498	1796388895	145657	1794708896	145834	179326
897	146008	1791768898	146172	179016
899	146324	178841
900	146469	178656
901	146631	178493
902	146792	178329
903	146962	1781769904	147135	178026
905	147297	177862
906	147445	177682
907	147629	177545
908	147793	177385
909	147947	177212
910	148107	177045
911	148275	176890
912	148431	176720
913	148596	176559
914	148771	176412
915	148936	176252
916	149104	176096
917	149275	175943
918	149427	175768
919	149581	175595
920	149752	175443
921	149919	175285
922	150099	175142
923	150275	174995
924	150440	174836
925	150605	174676
926	150763	174508
927	150922	174341
928	151094	174189
929	151260	174030
930	151429	173875
931	151602	173724
932	151756	173552
933	151925	173396
934	152076	173220
935	152235	173053
936	152399	172893
937	152553	172720
938	152730	172574
939	152905	172425
940	153080	172276
941	153275	172149
942	153498	172055
943	153662	171893
944	153832	171738
945	153998	171580
946	154164	171420
947	154349	171281
948	154524	171132
949	154708	170993
950	154866	170825
951	155030	170663
952	155200	170508
953	155374	170357
954	155547	170206
955	155717	170051
956	155878	169886
957	156110	169798
958	156271	169633
959	156441	169478
960	156589	169298
961	156731	169113
962	156900	168957
963	157111	168845
964	157240	168646
965	157466	168551
966	157639	168398
967	157789	168222
968	157931	168036
969	158087	167865
970	158263	167717
971	158433	167561
972	158600	167403
973	158768	167245
974	158923	167073
975	159089	166913
976	159270	166769
977	159415	166587
978	159583	166430
979	159711	166230
980	159855	166047
981	159985	165850
982	160113	165651
983	160250	165462
984	160415	165301
985	160566	165126
986	160722	164956
987	160834	164741
988	160976	164557
989	161126	164381
990	161282	164212
991	161428	164032
992	161572	163850
993	161744	163697
994	161893	163520
995	162041	163342
996	162200	163177
997	162345	162995
998	162491	162817
999	162649	162649
1000	162810	162485
1001	162974	162323
1002	163137	162161
1003	163310	162009
1004	163465	161838
1005	163632	161680
1006	163828	161551
1007	164004	161401
1008	164163	161234
1009	164337	161082
1010	164501	160922
1011	164664	160759
1012	164814	160584
1013	164956	160401
1014	165115	160235
1015	165259	160054
1016	165419	159889
1017	165562	159707
1018	165711	159531
1019	165836	159332
1020	165977	159149
1021	166136	158984
1022	166363	158882
1023	166502	158697
1024	166718	158586
1025	166857	158400
1026	167009	158228
1027	167151	158046
1028	167328	157896
1029	167505	157748
1030	167636	157555
1031	167780	157375
1032	167920	157191
1033	168055	157003
1034	168194	156819
1035	168338	156639
1036	168500	156476
1037	168719	156366
1038	168918	156237
1039	169067	156061
1040	169218	155888
1041	169369	155715
1042	169545	155565
1043	169709	155404
1044	169878	155247
1045	170037	155082
1046	170153	154877
1047	170360	154755
1048	170503	154574
1049	170694	154437
1050	170851	154270
1051	171006	154100
1052	171193	153960
1053	171347	153790
1054	171516	153633
1055	171680	153472
1056	171831	153298
1057	172003	153145
1058	172181	152996
1059	172345	152835
1060	172518	152681
1061	172703	152538
1062	172835	152348
1063	172975	152166
1064	173144	152009
1065	173305	151845
1066	173474	151688
1067	173659	151545
1068	173830	151389
1069	173980	151216
1070	174146	151057
1071	174286	150875
1072	174434	150699
1073	174545	150492
1074	174659	150288
1075	174782	150092
1076	174924	149912
1077	175066	149732
1078	175182	149530
1079	175339	149363
1080	175465	149169
1081	175616	148997
1082	175747	148809
1083	175868	148611
1084	175994	148419
1085	176100	148210
1086	176215	148007
1087	176321	147799
1088	176437	147598
1089	176558	147401
1090	176680	147206
1091	176830	147035
1092	176927	146819
1093	177013	146593
1094	177113	146381
1095	177234	146186
1096	177323	145964
1097	177441	145766
1098	177567	145576
1099	177655	145354
1100	177768	145153
1101	177864	144938
1102	177994	144752
1103	178099	144544
1104	178203	144336
1105	178302	144125
1106	178405	143917
1107	178503	143704
1108	178596	143489
1109	178698	143280
1110	178803	143075
1111	178912	142872
1112	179018	142668
1113	179126	142464
1114	179226	142256
1115	179344	142061
1116	179459	141864
1117	179553	141650
1118	179659	141448
1119	179765	141244
1120	179870	141040
1121	179975	140836
1122	180076	140629
1123	180186	140430
1124	180283	140220
1125	180403	140029
1126	180495	139815
1127	180623	139630
1128	180729	139429
1129	180826	139220
1130	180918	139008
1131	181021	138804
1132	181136	138609
1133	181238	138405
1134	181353	138211
1135	181471	138020
1136	181573	137816
1137	181687	137622
1138	181817	137440
1139	181914	137233
1140	182026	137038
1141	182137	136842
1142	182254	136650
1143	182353	136445
1144	182459	136247
1145	182561	136045
1146	182666	135845
1147	182759	135637
1148	182864	135437
1149	182964	135234
1150	183064	135032
1151	183163	134828
1152	183259	134623
1153	183361	134422
1154	183468	134226
1155	183582	134034
1156	183690	133838
1157	183784	133632
1158	183904	133445
1159	184019	133255
1160	184141	133070
1161	184243	132871
1162	184330	132661
1163	184431	132461
1164	184543	132269
1165	184645	132070
1166	184741	131867
1167	184842	131668
1168	184941	131468
1169	185030	131260
1170	185128	131060
1171	185221	130856
1172	185331	130664
1173	185441	130472
1174	185556	130284
1175	185670	130095
1176	185781	129905
1177	185910	129727
1178	186026	129539
1179	186135	129348
1180	186249	129160
1181	186376	128981
1182	186484	128789
1183	186596	128599
1184	186721	128420
1185	186819	128221
1186	186914	128021
1187	187008	127820
1188	187103	127620
1189	187200	127421
1190	187299	127225
1191	187401	127030
1192	187511	126841
1193	187617	126649
1194	187730	126462
1195	187828	126265
1196	187949	126085
1197	188041	125884
1198	188141	125689
1199	188250	125500
1200	188394	125335
1201	188498	125143
1202	188599	124949
1203	188694	124751
1204	188800	124561
1205	188908	124372
1206	189010	124180
1207	189122	123994
1208	189237	123810
1209	189335	123615
1210	189455	123435
1211	189560	123245
1212	189670	123058
1213	189783	122874
1214	189888	122685
1215	189994	122496
1216	190105	122311
1217	190219	122127
1218	190320	121936
1219	190424	121746
1220	190526	121556
1221	190631	121367
1222	190743	121183
1223	190851	120997
1224	190960	120812
1225	191057	120618
1226	191158	120428
1227	191268	120243
1228	191380	120060
1229	191477	119868
1230	191593	119687
1231	191708	119506
1232	191827	119328
1233	191930	119139
1234	192038	118955
1235	192157	118776
1236	192257	118587
1237	192369	118405
1238	192479	118222
1239	192597	118043
1240	192710	117862
1241	192825	117682
1242	192940	117503
1243	193052	117321
1244	193156	117134
1245	193279	116960
1246	193393	116780
1247	193513	116604
1248	193612	116415
1249	193713	116228
1250	193825	116047
1251	193927	115860
1252	194023	115670
1253	194119	115480
1254	194218	115292
1255	194355	115127
1256	194473	114951
1257	194586	114772
1258	194697	114591
1259	194814	114414
1260	194943	114244
1261	195047	114061
1262	195160	113882
1263	195257	113694
1264	195355	113506
1265	195455	113320
1266	195562	113139
1267	195664	112954
1268	195769	112771
1269	195871	112587
1270	195975	112404
1271	196074	112218
1272	196173	112032
1273	196269	111845
1274	196368	111660
1275	196473	111478
1276	196588	111302
1277	196705	111127
1278	196808	110945
1279	196925	110770
1280	197032	110590
1281	197121	110400
1282	197226	110219
1283	197325	110035
1284	197422	109849
1285	197503	109655
1286	197603	109472
1287	197724	109301
1288	197824	109117
1289	197916	108931
1290	198020	108750
1291	198125	108570
1292	198248	108400
1293	198383	108237
1294	198494	108060
1295	198601	107882
1296	198717	107708
1297	198813	107524
1298	198912	107342
1299	199009	107158
1300	199112	106979
1301	199217	106800
1302	199325	106622
1303	199427	106442
1304	199522	106259
1305	199613	106073
1306	199716	105893
1307	199826	105718
1308	199947	105549
1309	200063	105377
1310	200154	105191
1311	200254	105011
1312	200375	104842
1313	200475	104662
1314	200559	104474
1315	200664	104296
1316	200766	104118
1317	200859	103934
1318	200983	103767
1319	201098	103596
1320	201210	103423
1321	201302	103239
1322	201410	103064
1323	201511	102886
1324	201608	102706
1325	201711	102528
1326	201809	102349
1327	201904	102168
1328	202009	101992
1329	202105	101812
1330	202198	101631
1331	202302	101455
1332	202412	101282
1333	202513	101105
1334	202619	100930
1335	202716	100751
1336	202806	100569
1337	202912	100394
1338	203009	100216
1339	203108	100038
1340	203215	99864
1341	203328	99694
1342	203442	99524
1343	203553	99353
1344	203661	99181
1345	203765	99006
1346	203876	98835
1347	203972	98657
1348	204071	98480
1349	204172	98305
1350	204279	98132
1351	204403	97968
1352	204507	97794
1353	204656	97642
1354	204767	97472
1355	204869	97297
1356	204974	97125
1357	205078	96951
1358	205178	96776
1359	205287	96606
1360	205389	96432
1361	205492	96258
1362	205612	96093
1363	205705	95915
1364	205799	95738
1365	205900	95564
1366	206005	95392
1367	206090	95211
1368	206185	95035
1369	206285	94861
1370	206395	94691
1371	206505	94522
1372	206608	94350
1373	206713	94179
1374	206809	94004
1375	206904	93828
1376	206991	93649
1377	207092	93476
1378	207191	93303
1379	207286	93128
1380	207385	92955
1381	207479	92780
1382	207582	92608
1383	207683	92436
1384	207800	92272
1385	207895	92098
1386	208007	91931
1387	208097	91754
1388	208199	91583
1389	208301	91412
1390	208423	91250
1391	208539	91086
1392	208651	90919
1393	208782	90762
1394	208897	90597
1395	208998	90426
1396	209089	90251
1397	209187	90079
1398	209287	89908
1399	209382	89735
1400	209494	89569
1401	209592	89398
1402	209699	89230
1403	209802	89061
1404	209914	88896
1405	210018	88727
1406	210131	88563
1407	210238	88395
1408	210341	88226
1409	210495	88079
1410	210608	87915
1411	210709	87746
1412	210804	87574
1413	210907	87406
1414	211018	87240
1415	211119	87071
1416	211214	86900
1417	211314	86731
1418	211406	86559
1419	211504	86389
1420	211603	86219
1421	211698	86049
1422	211800	85881
1423	211906	85714
1424	212012	85548
1425	212115	85381
1426	212222	85216
1427	212333	85052
1428	212431	84883
1429	212537	84717
1430	212640	84550
1431	212732	84379
1432	212836	84213
1433	212937	84046
1434	213046	83882
1435	213158	83719
1436	213266	83555
1437	213378	83392
1438	213474	83224
1439	213565	83053
1440	213669	82887
1441	213764	82718
1442	213855	82548
1443	213960	82383
1444	214068	82220
1445	214166	82052
1446	214283	81892
1447	214388	81728
1448	214528	81577
1449	214624	81409
1450	214725	81243
1451	214831	81079
1452	214914	80907
1453	215020	80743
1454	215141	80585
1455	215243	80420
1456	215351	80257
1457	215446	80090
1458	215556	79928
1459	215662	79765
1460	215759	79599
1461	215868	79437
1462	215958	79268
1463	216049	79100
1464	216151	78935
1465	216258	78773
1466	216374	78614
1467	216477	78451
1468	216591	78291
1469	216686	78125
1470	216792	77962
1471	216922	77809
1472	217012	77641
1473	217110	77476
1474	217205	77310
1475	217298	77143
1476	217386	76975
1477	217481	76810
1478	217578	76645
1479	217689	76485
1480	217787	76321
1481	217899	76161
1482	217995	75997
1483	218088	75831
1484	218177	75664
1485	218291	75505
1486	218393	75343
1487	218496	75181
1488	218583	75014
1489	218699	74856
1490	218804	74695
1491	218903	74532
1492	219000	74369
1493	219098	74206
1494	219192	74041
1495	219285	73876
1496	219383	73713
1497	219473	73548
1498	219580	73388
1499	219693	73231
1500	219799	73071
1501	219890	72906
1502	219996	72746
1503	220084	72581
1504	220190	72421
1505	220305	72264
1506	220400	72101
1507	220518	71946
1508	220629	71788
1509	220736	71629
1510	220851	71473
1511	220969	71318
1512	221061	71154
1513	221156	70992
1514	221257	70831
1515	221348	70667
1516	221479	70517
1517	221574	70355
1518	221695	70201
1519	221798	70041
1520	221924	69889
1521	222035	69732
1522	222135	69572
1523	222233	69411
1524	222336	69252
1525	222431	69090
1526	222535	68932
1527	222632	68771
1528	222726	68609
1529	222829	68450
1530	222924	68289
1531	223015	68127
1532	223110	67966
1533	223205	67805
1534	223300	67644
1535	223402	67486
1536	223509	67329
1537	223614	67171
1538	223767	67028
1539	223874	66871
1540	223987	66716
1541	224096	66560
1542	224193	66400
1543	224300	66244
1544	224394	66083
1545	224490	65924
1546	224583	65763
1547	224689	65607
1548	224803	65452
1549	224911	65297
1550	225001	65135
1551	225126	64984
1552	225220	64825
1553	225314	64665
1554	225410	64506
1555	225509	64348
1556	225604	64189
1557	225702	64031
1558	225793	63870
1559	225882	63710
1560	225970	63549
1561	226099	63400
1562	226196	63242
1563	226292	63084
1564	226398	62928
1565	226505	62773
1566	226612	62618
1567	226726	62465
1568	226825	62308
1569	226930	62153
1570	227037	61998
1571	227150	61845
1572	227259	61690
1573	227373	61538
1574	227468	61380
1575	227570	61224
1576	227677	61070
1577	227783	60915
1578	227901	60764
1579	228000	60607
1580	228091	60449
1581	228186	60292
1582	228273	60132
1583	228377	59977
1584	228480	59822
1585	228572	59665
1586	228672	59509
1587	228766	59352
1588	228870	59198
1589	228968	59042
1590	229068	58886
1591	229163	58730
1592	229259	58574
1593	229359	58419
1594	229471	58267
1595	229588	58116
1596	229688	57961
1597	229800	57809
1598	229910	57657
1599	230009	57502
1600	230100	57345
1601	230196	57189
1602	230297	57035
1603	230408	56883
1604	230511	56730
1605	230601	56573
1606	230720	56423
1607	230828	56271
1608	230939	56120
1609	231050	55968
1610	231156	55816
1611	231265	55664
1612	231376	55513
1613	231486	55361
1614	231602	55211
1615	231700	55057
1616	231797	54903
1617	231905	54751
1618	232002	54597
1619	232102	54443
1620	232194	54288
1621	232295	54135
1622	232404	53984
1623	232509	53832
1624	232621	53681
1625	232719	53528
1626	232825	53376
1627	232914	53221
1628	233013	53068
1629	233120	52917
1630	233210	52761
1631	233303	52607
1632	233391	52452
1633	233491	52299
1634	233584	52145
1635	233691	51994
1636	233789	51842
1637	233889	51689
1638	233992	51538
1639	234092	51386
1640	234187	51232
1641	234298	51083
1642	234402	50932
1643	234504	50780
1644	234610	50630
1645	234707	50477
1646	234814	50327
1647	234908	50174
1648	235012	50023
1649	235108	49871
1650	235211	49720
1651	235310	49569
1652	235415	49418
1653	235522	49268
1654	235628	49118
1655	235722	48966
1656	235820	48815
1657	235923	48664
1658	236021	48513
1659	236119	48361
1660	236218	48210
1661	236320	48060
1662	236430	47911
1663	236526	47760
1664	236639	47612
1665	236737	47461
1666	236825	47308
1667	236930	47158
1668	237022	47006
1669	237128	46857
1670	237217	46705
1671	237317	46555
1672	237419	46405
1673	237517	46254
1674	237616	46104
1675	237714	45954
1676	237810	45803
1677	237899	45651
1678	237999	45501
1679	238092	45351
1680	238200	45202
1681	238297	45052
1682	238394	44902
1683	238482	44750
1684	238577	44600
1685	238678	44451
1686	238792	44304
1687	238874	44152
1688	238996	44007
1689	239103	43859
1690	239212	43711
1691	239314	43563
1692	239395	43410
1693	239493	43261
1694	239580	43110
1695	239696	42964
1696	239807	42817
1697	239889	42665
1698	239989	42517
1699	240096	42369
1700	240202	42222
1701	240281	42070
1702	240378	41921
1703	240477	41773
1704	240581	41625
1705	240682	41477
1706	240781	41329
1707	240889	41182
1708	241012	41038
1709	241112	40890
1710	241229	40745
1711	241311	40594
1712	241399	40444
1713	241499	40296
1714	241587	40147
1715	241688	39999
1716	241777	39850
1717	241871	39701
1718	241968	39553
1719	242065	39406
1720	242162	39258
1721	242275	39112
1722	242372	38965
1723	242472	38818
1724	242577	38671
1725	242664	38522
1726	242766	38375
1727	242870	38229
1728	242969	38082
1729	243079	37937
1730	243180	37790
1731	243279	37643
1732	243372	37495
1733	243486	37351
1734	243582	37204
1735	243689	37058
1736	243802	36914
1737	243915	36769
1738	244027	36625
1739	244142	36480
1740	244252	36336
1741	244348	36189
1742	244457	36044
1743	244560	35898
1744	244663	35753
1745	244771	35608
1746	244901	35466
1747	245014	35322
1748	245124	35177
1749	245265	35037
1750	245396	34896
1751	245534	34756
1752	245654	34612
1753	245762	34468
1754	245887	34326
1755	246031	34186
1756	246137	34041
1757	246271	33900
1758	246395	33758
1759	246522	33616
1760	246625	33471
1761	246759	33330
1762	246889	33189
1763	247010	33046
1764	247120	32902
1765	247218	32757
1766	247321	32612
1767	247427	32467
1768	247543	32324
1769	247635	32178
1770	247720	32031
1771	247849	31890
1772	247946	31745
1773	248066	31602
1774	248170	31458
1775	248292	31316
1776	248398	31172
1777	248497	31027
1778	248634	30887
1779	248732	30742
1780	248848	30599
1781	248974	30458
1782	249095	30316
1783	249207	30173
1784	249308	30028
1785	249402	29883
1786	249523	29741
1787	249653	29600
1788	249753	29456
1789	249867	29314
1790	249984	29171
1791	250118	29031
1792	250222	28887
1793	250317	28743
1794	250422	28599
1795	250530	28456
1796	250621	28311
1797	250725	28168
1798	250828	28024
1799	250934	27881
1800	251050	27739
1801	251162	27597
1802	251275	27454
1803	251382	27312
1804	251497	27170
1805	251617	27028
1806	251727	26886
1807	251831	26743
1808	251945	26601
1809	252055	26458
1810	252154	26315
1811	252306	26177
1812	252405	26034
1813	252528	25893
1814	252634	25750
1815	252730	25607
1816	252829	25463
1817	252927	25320
1818	253027	25177
1819	253150	25036
1820	253289	24897
1821	253404	24756
1822	253520	24614
1823	253619	24472
1824	253755	24332
1825	253856	24190
1826	253971	24048
1827	254070	23905
1828	254161	23762
1829	254261	23619
1830	254363	23477
1831	254470	23335
1832	254582	23194
1833	254692	23052
1834	254834	22914
1835	254948	22773
1836	255049	22630
1837	255157	22489
1838	255254	22346
1839	255354	22204
1840	255457	22062
1841	255557	21920
1842	255679	21780
1843	255803	21640
1844	255917	21499
1845	256052	21360
1846	256175	21220
1847	256292	21080
1848	256397	20938
1849	256531	20799
1850	256672	20661
1851	256803	20522
1852	256915	20381
1853	257023	20240
1854	257129	20099
1855	257225	19957
1856	257333	19816
1857	257432	19674
1858	257546	19534
1859	257654	19393
1860	257761	19252
1861	257859	19110
1862	257980	18971
1863	258084	18830
1864	258186	18689
1865	258288	18548
1866	258385	18406
1867	258488	18265
1868	258584	18124
1869	258698	17984
1870	258796	17843
1871	258890	17701
1872	258995	17561
1873	259097	17420
1874	259201	17280
1875	259306	17139
1876	259410	16999
1877	259510	16858
1878	259598	16717
1879	259706	16576
1880	259798	16435
1881	259899	16295
1882	259999	16155
1883	260092	16014
1884	260174	15872
1885	260257	15731
1886	260339	15590
1887	260435	15449
1888	260533	15309
1889	260622	15168
1890	260709	15027
1891	260795	14886
1892	260888	14746
1893	260972	14605
1894	261059	14465
1895	261170	14325
1896	261267	14185
1897	261357	14045
1898	261448	13905
1899	261537	13765
1900	261617	13624
1901	261725	13485
1902	261806	13344
1903	261900	13205
1904	261974	13064
1905	262056	12924
1906	262136	12783
1907	262233	12644
1908	262305	12503
1909	262395	12364
1910	262482	12224
1911	262579	12085
1912	262661	11945
1913	262746	11805
1914	262828	11666
1915	262919	11526
1916	263005	11387
1917	263093	11247
1918	263171	11108
1919	263270	10969
1920	263381	10831
1921	263464	10692
1922	263553	10553
1923	263633	10413
1924	263729	10275
1925	263815	10136
1926	263911	9997
1927	264010	9859
1928	264102	9720
1929	264198	9582
1930	264288	9443
1931	264372	9305
1932	264448	9166
1933	264530	9027
1934	264619	8889
1935	264705	8750
1936	264789	8612
1937	264871	8473
1938	264955	8335
1939	265044	8197
1940	265129	8059
1941	265212	7920
1942	265297	7782
1943	265394	7645
1944	265468	7506
1945	265535	7368
1946	265609	7230
1947	265679	7092
1948	265752	6954
1949	265825	6816
1950	265892	6677
1951	265961	6540
1952	266032	6402
1953	266105	6264
1954	266179	6126
1955	266253	5989
1956	266324	5851
1957	266399	5714
1958	266476	5577
1959	266552	5439
1960	266635	5302
1961	266718	5165
1962	266794	5028
1963	266879	4891
1964	266960	4755
1965	267044	4618
1966	267128	4481
1967	267194	4344
1968	267265	4207
1969	267344	4071
1970	267426	3934
1971	267493	3798
1972	267562	3661
1973	267625	3524
1974	267691	3388
1975	267763	3252
1976	267839	3115
1977	267910	2979
1978	267989	2843
1979	268052	2707
1980	268116	2571
1981	268180	2435
1982	268253	2299
1983	268313	2163
1984	268370	2027
1985	268433	1892
1986	268504	1756
1987	268558	1621
1988	268615	1485
1989	268658	1350
1990	268698	1214
1991	268742	1079
1992	268783	944
1993	268821	808
1994	268855	673
1995	268891	538
1996	268926	403
1997	268962	269
1998	268999	134
1999	269034	0
